Studio,URL
"Motto","https://wearemotto.com"
"Avenue Z","https://avenuez.com/new-york/"
"Indigo Atelier","https://www.studiointigo.com/about"
"Ruder Finn","https://ruderfinn.com"
"Web3 MoJo","https://www.linkedin.com/company/web3mojomarketing"
"HIYO Design","https://www.hiyodesign.com"
"Boundless Creative","https://boundlesscreative.com"
"Brand2 Studio","https://www.thebrand2.com/contact"
"inBeat","https://inbeat.agency"
"9AM","https://www.superside.com/blog/creative-agencies-new-york"
"M+C Saatchi Performance","https://www.mcsaatchiperformance.com"
"Character","https://character.nyc"
"WITHIN","https://www.within.co"
"Quirk","https://findyourquirk.com"
"DPDK","https://dpdk.com/creative-agency/new-york"
"Mason Interactive","https://masoninteractive.com"
"Amsive","https://www.amsive.com/about/new-york/"
"Momentum Design Lab","https://www.momentumdesignlab.com/?gad_source=1"
"Wolf&Whale","https://www.wolfwhale.com"
"Utility","https://utility.agency"
"Phenomenon Studio","https://phenomenonstudio.com"
"Snarkitecture","https://snarkitecture.com/?swcfpc=1"
"HDR","https://www.hdrinc.com/locations/US/New York/New York"
"Gensler","https://www.gensler.com/offices/new-york"
"Bohlin Cywinski Jackson","https://www.bcj.com"
"Commercial Type","https://monkyvision.com/blog/creative-agencies-in-nyc/"
"Sharp Type","https://www.sharptype.co/about-us"
"Studio Dumbar","https://studiodumbar.com/?ref=rebrand"
"Nova District","https://mltinyc.com"
"Orion Works","https://www.orionworksinc.com/color-factory"
"Walrus","https://walrusnyc.com"
"Quirk Creative","https://findyourquirk.com"
"QNY Creative","https://qnycreative.com"
"Noformat","https://noformat.com"
"Harper & Scott","https://www.harperandscott.com"
"Wade and Leta","https://wadeandleta.com"
"RIOT","https://riot.nyc"
"Jane Creative","https://janecreative.com"
"The Charles","https://thecharlesnyc.com"
"DD.NYC","https://dd.nyc"
"Paper Tiger","https://www.papertiger.com"
"Lucid","https://www.lucidcr.com"
"Odgis + Co","https://www.odgis.com"